Datetime,Water Level (m)
2025-09-09 00:00:00,1.129536
2025-09-09 01:00:00,0.6362857
2025-09-09 02:00:00,0.14641374
2025-09-09 03:00:00,-0.30165315
2025-09-09 04:00:00,-0.66370547
2025-09-09 05:00:00,-0.4791723
2025-09-09 06:00:00,0.2921522
2025-09-09 07:00:00,1.1101263
2025-09-09 08:00:00,1.8078821
2025-09-09 09:00:00,2.2554288
2025-09-09 10:00:00,2.3363197
2025-09-09 11:00:00,2.001517
2025-09-09 12:00:00,1.5049033
2025-09-09 13:00:00,0.97076327
2025-09-09 14:00:00,0.43800288
2025-09-09 15:00:00,-0.05764974
2025-09-09 16:00:00,-0.5024348
2025-09-09 17:00:00,-0.6292768
2025-09-09 18:00:00,0.0823465
2025-09-09 19:00:00,0.91080785
2025-09-09 20:00:00,1.6522192
2025-09-09 21:00:00,2.2058225
2025-09-09 22:00:00,2.43381
2025-09-09 23:00:00,2.208068
2025-09-10 00:00:00,1.7400337
2025-09-10 01:00:00,1.2118577
2025-09-10 02:00:00,0.67259246
2025-09-10 03:00:00,0.15110621
2025-09-10 04:00:00,-0.3123355
2025-09-10 05:00:00,-0.62396723
2025-09-10 06:00:00,-0.117024526
2025-09-10 07:00:00,0.69092816
2025-09-10 08:00:00,1.4436644
2025-09-10 09:00:00,2.04898
2025-09-10 10:00:00,2.3673992
2025-09-10 11:00:00,2.2498183
2025-09-10 12:00:00,1.8080679
2025-09-10 13:00:00,1.2944591
2025-09-10 14:00:00,0.7563359
2025-09-10 15:00:00,0.2296206
2025-09-10 16:00:00,-0.24381906
2025-09-10 17:00:00,-0.63037634
2025-09-10 18:00:00,-0.35932592
2025-09-10 19:00:00,0.40252134
2025-09-10 20:00:00,1.2133702
2025-09-10 21:00:00,1.9100482
2025-09-10 22:00:00,2.3648915
2025-09-10 23:00:00,2.4365542
2025-09-11 00:00:00,2.0825272
2025-09-11 01:00:00,1.5858679
2025-09-11 02:00:00,1.0512975
2025-09-11 03:00:00,0.519902
2025-09-11 04:00:00,0.021897394
2025-09-11 05:00:00,-0.41037542
2025-09-11 06:00:00,-0.52441484
2025-09-11 07:00:00,0.15776938
2025-09-11 08:00:00,0.95268995
2025-09-11 09:00:00,1.6546185
2025-09-11 10:00:00,2.1517105
2025-09-11 11:00:00,2.3277771
2025-09-11 12:00:00,2.0501008
2025-09-11 13:00:00,1.582358
2025-09-11 14:00:00,1.0639889
2025-09-11 15:00:00,0.5382305
2025-09-11 16:00:00,0.04026716
2025-09-11 17:00:00,-0.40324873
2025-09-11 18:00:00,-0.6456884
2025-09-11 19:00:00,-0.11955129
2025-09-11 20:00:00,0.6718462
2025-09-11 21:00:00,1.4167377
2025-09-11 22:00:00,2.033699
2025-09-11 23:00:00,2.3857362
2025-09-12 00:00:00,2.3244267
2025-09-12 01:00:00,1.9133731
2025-09-12 02:00:00,1.4131573
2025-09-12 03:00:00,0.88164765
2025-09-12 04:00:00,0.3640608
2025-09-12 05:00:00,-0.10674763
2025-09-12 06:00:00,-0.48523426
2025-09-12 07:00:00,-0.37113348
2025-09-12 08:00:00,0.2976087
2025-09-12 09:00:00,0.99763185
2025-09-12 10:00:00,1.6052098
2025-09-12 11:00:00,2.00796
2025-09-12 12:00:00,2.0873144
2025-09-12 13:00:00,1.76273
2025-09-12 14:00:00,1.3079085
2025-09-12 15:00:00,0.80975056
2025-09-12 16:00:00,0.3115406
2025-09-12 17:00:00,-0.14589629
2025-09-12 18:00:00,-0.54181755
2025-09-12 19:00:00,-0.59578085
2025-09-12 20:00:00,0.05518692
2025-09-12 21:00:00,0.80765367
2025-09-12 22:00:00,1.4766531
2025-09-12 23:00:00,1.9980454
2025-09-13 00:00:00,2.2558894
2025-09-13 01:00:00,2.1093428
2025-09-13 02:00:00,1.7002187
2025-09-13 03:00:00,1.2180429
2025-09-13 04:00:00,0.71551794
2025-09-13 05:00:00,0.2314133
2025-09-13 06:00:00,-0.19490427
2025-09-13 07:00:00,-0.48847988
2025-09-13 08:00:00,-0.25029308
2025-09-13 09:00:00,0.36709946
2025-09-13 10:00:00,0.9841122
2025-09-13 11:00:00,1.5053391
2025-09-13 12:00:00,1.826411
2025-09-13 13:00:00,1.8289982
2025-09-13 14:00:00,1.5017923
2025-09-13 15:00:00,1.0723898
2025-09-13 16:00:00,0.605232
2025-09-13 17:00:00,0.15306395
2025-09-13 18:00:00,-0.2554462
2025-09-13 19:00:00,-0.5651714
2025-09-13 20:00:00,-0.43891838
2025-09-13 21:00:00,0.1614272
2025-09-13 22:00:00,0.8140623
2025-09-13 23:00:00,1.4090812
2025-09-14 00:00:00,1.8658501
2025-09-14 01:00:00,2.0789747
2025-09-14 02:00:00,1.9264749
2025-09-14 03:00:00,1.54462
2025-09-14 04:00:00,1.0926074
2025-09-14 05:00:00,0.62132645
2025-09-14 06:00:00,0.17698938
2025-09-14 07:00:00,-0.20924515
2025-09-14 08:00:00,-0.46177208
2025-09-14 09:00:00,-0.30333123
2025-09-14 10:00:00,0.2081711
2025-09-14 11:00:00,0.7307679
2025-09-14 12:00:00,1.1815081
2025-09-14 13:00:00,1.4750938
2025-09-14 14:00:00,1.5097182
2025-09-14 15:00:00,1.2567605
2025-09-14 16:00:00,0.88817173
2025-09-14 17:00:00,0.47721773
2025-09-14 18:00:00,0.07860104
2025-09-14 19:00:00,-0.27378112
2025-09-14 20:00:00,-0.51951027
2025-09-14 21:00:00,-0.3896615
2025-09-14 22:00:00,0.122444935
2025-09-14 23:00:00,0.68448746
2025-09-15 00:00:00,1.2141637
